{
  "model": "f3",
  "K": 12,
  "params": {
    "w0": 3.0,
    "f0": 9.843761620580889e-07,
    "gamma": 5.2976942664741395
  },
  "n_points": 27,
  "cost": 9.21847534707484,
  "pinned": true,
  "P_ext": [
    1.7403637939895245e-08,
    2.8513221246109942e-08,
    4.689133251416851e-08,
    7.747068344634229e-08,
    1.2870726756080173e-07,
    2.152668230579268e-07,
    3.6291728998160095e-07,
    6.175774328036175e-07,
    1.0623121452507047e-06,
    1.8497381048236697e-06,
    3.2647180936879116e-06,
    5.847355023388783e-06,
    1.0637515163803699e-05,
    1.9667189103426725e-05,
    3.696402013462556e-05,
    7.06204707682432e-05,
    0.00013710665431348231,
    0.00027034876894098706,
    0.0005410023636486328,
    0.001097636394515952,
    0.00225503081014286,
    0.004683071109375272,
    0.00980585094170356,
    0.020617673811601914,
    0.04322816702587642,
    0.08928628116535908,
    0.17794094399502325,
    0.33111439729645564,
    0.5502423547357842,
    0.7814564476820982
  ]
}