{
  "seeds": [
    42,
    7,
    123
  ],
  "p_ladder": [
    0.006,
    0.005509426995399794,
    0.005058964302940003,
    0.00464533241656359,
    0.004265519969736866,
    0.003916761811780869,
    0.0035965188767294195,
    0.0033024596981529996,
    0.0030324434353706667,
    0.0027845042874756723,
    0.002556837181704155,
    0.0023477846319538013,
    0.0021558246717785063,
    0.001979559774007566,
    0.0018177066763207992,
    0.0016690870387067087,
    0.0015326188647871062,
    0.0014073086245528442,
    0.001292244021161733,
    0.0011865873491387386,
    0.0010895693956241405,
    0.0010004838402688468,
    0.0009186821130064063,
    0.0008435686722647361,
    0.0007745966692414835,
    0.0007112639666776321,
    0.000653109483144814,
    0.0005997098362316079,
    0.0005506762601902014,
    0.0005056517756029491,
    0.0004643085904631214,
    0.00042634571374892456,
    0.00039148676411688616,
    0.0003594779577612142,
    0.00033008626079013655,
    0.000303097692667959,
    0.0002783157683713741,
    0.0002555600679184473,
    0.0002346649228560163,
    0.0002154782101427245,
    0.0001978602446467926,
    0.00018168276219557436,
    0.00016682798577318317,
    0.00015318776806782461,
    0.0001406628041263192,
    0.00012916190838369615,
    0.00011860135080441503,
    0.00010890424730212082,
    0.0001
  ],
  "P_logical_runs": [
    [
      0.2143333333333333,
      0.15515473154249954,
      0.10967809137040842,
      0.07704437231269856,
      0.05374408425728925,
      0.03710422581944225,
      0.02559339405638766,
      0.01767912149199033,
      0.012335939052663513,
      0.008597449156426176,
      0.006010455805263267,
      0.004221647461480052,
      0.002984322176625183,
      0.002115286666275287,
      0.001490876362760213,
      0.0010662647565864633,
      0.0007684407645740312,
      0.0005586920294233915,
      0.00040807168266022244,
      0.00029869384438264827,
      0.00021990886422675762,
      0.00016234206939623363,
      0.00012049736418564113,
      8.971154120799721e-05,
      6.733086509747939e-05,
      5.057445448287719e-05,
      3.821351105640126e-05,
      2.8861783483184255e-05,
      2.185475869103052e-05,
      1.6598455776210324e-05,
      1.2662188102361553e-05,
      9.651198655751689e-06,
      7.3635980230429075e-06,
      5.614348617380976e-06,
      4.29229202446361e-06,
      3.2826006091002117e-06,
      2.515212536299985e-06,
      1.9296111188168815e-06,
      1.4824856332633348e-06,
      1.1388642165875637e-06,
      8.739630144527231e-07,
      6.718430430504201e-07,
      5.15518303683755e-07,
      3.977528941621205e-07,
      3.0680197530997397e-07,
      2.3651177478713628e-07,
      1.823431307019434e-07,
      1.402668460143584e-07,
      1.0819103029600376e-07
    ],
    [
      0.2326666666666667,
      0.17080977676499454,
      0.1218760217194664,
      0.08639954690297462,
      0.06170964723881618,
      0.04330576275127335,
      0.030628875644164052,
      0.021516216952228086,
      0.01518920360448494,
      0.010634524373771326,
      0.007493299747097528,
      0.00531962428090687,
      0.0037860196934227557,
      0.0027028371492217144,
      0.0019550798721700833,
      0.0014078925162993763,
      0.00102779550843355,
      0.000751580044584379,
      0.0005531627877845063,
      0.0004089953588739291,
      0.00030018921011719504,
      0.0002222361977858551,
      0.00016458097085366108,
      0.00012290857693275154,
      9.166858952025847e-05,
      6.877552067684569e-05,
      5.174302887629448e-05,
      3.91474855787987e-05,
      2.9545132307255544e-05,
      2.244249952335668e-05,
      1.6988795936340437e-05,
      1.2930531373489226e-05,
      9.852070212587878e-06,
      7.502345169839346e-06,
      5.757222881036683e-06,
      4.418831212228886e-06,
      3.3908248656435592e-06,
      2.601464233118741e-06,
      1.9928500869572993e-06,
      1.5282654711985598e-06,
      1.1708942257955941e-06,
      8.994984455627999e-07,
      6.92882692906564e-07,
      5.324382951193984e-07,
      4.09889579140363e-07,
      3.1535670145938306e-07,
      2.4268313763569796e-07,
      1.8653163008885474e-07,
      1.4373032332310306e-07
    ],
    [
      0.22233333333333333,
      0.16452878629474585,
      0.11896310869144573,
      0.08461416149189474,
      0.06008815573059781,
      0.04234926385155999,
      0.02987034993916363,
      0.021218690274165956,
      0.015115457560408139,
      0.010813056954426364,
      0.007626671106149099,
      0.0054152914980848165,
      0.003879285822335693,
      0.002758536686902015,
      0.00198054831455936,
      0.0014184699870644938,
      0.001028102172666138,
      0.0007464845981120782,
      0.0005462954260100879,
      0.000402708252996124,
      0.00029622522664091275,
      0.00021820564473409493,
      0.00016171365136303405,
      0.00012046667923870828,
      9.04376321509339e-05,
      6.78143792363192e-05,
      5.11317790267128e-05,
      3.851303015375938e-05,
      2.9123051340866317e-05,
      2.2030475001169492e-05,
      1.6727094576282123e-05,
      1.2681006055986058e-05,
      9.679549786076816e-06,
      7.350378246624762e-06,
      5.6066644735081455e-06,
      4.265155454330298e-06,
      3.2577583826434198e-06,
      2.489627317072562e-06,
      1.9117390280097967e-06,
      1.4644984708592815e-06,
      1.1224104073445148e-06,
      8.630205433799516e-07,
      6.635692414510442e-07,
      5.102603978060334e-07,
      3.9312428920747395e-07,
      3.0261481165096606e-07,
      2.3327173190826054e-07,
      1.7952538725564083e-07,
      1.3832592907706922e-07
    ]
  ],