{
  "model": "f3",
  "K": 12,
  "params": {
    "w0": 3.0,
    "f0": 1.6595006244241353e-05,
    "gamma": 4.660525688800179
  },
  "n_points": 54,
  "cost": 37.494736554995484,
  "pinned": true,
  "P_ext": [
    4.214691289280636e-07,
    6.81043476146438e-07,
    1.102473547335498e-06,
    1.7890379085567982e-06,
    2.912535027704385e-06,
    4.761451829663394e-06,
    7.82554732093843e-06,
    1.2946512573985163e-05,
    2.1590069747851522e-05,
    3.634382593232876e-05,
    6.183906970712216e-05,
    0.00010647586215487339,
    0.00018568253561825063,
    0.0003281273520120858,
    0.0005876450629188471,
    0.001066275613167185,
    0.001958940830949403,
    0.0036401009937918937,
    0.006830830830108573,
    0.012915498770144355,
    0.024519754648566428,
    0.0464840594806584,
    0.08722658287375866,
    0.15976591731775633,
    0.27966848829277285,
    0.45453354366767046,
    0.6636540590600798,
    0.849505968788651,
    0.957946565908609,
    0.9937659512136825
  ]
}